<keymap version="1" name="Marc's Scheme" parent="$default">
  <action id="$Redo">
    <keyboard-shortcut first-keystroke="shift ctrl z" />
    <keyboard-shortcut first-keystroke="shift alt back_space" />
    <keyboard-shortcut first-keystroke="ctrl y" />
  </action>
  <action id="Annotate">
    <keyboard-shortcut first-keystroke="shift ctrl a" />
  </action>
  <action id="CloneElement" />
  <action id="Compare.SameVersion">
    <keyboard-shortcut first-keystroke="ctrl d" />
  </action>
  <action id="CompareTwoFiles">
    <keyboard-shortcut first-keystroke="ctrl alt c" />
  </action>
  <action id="CompileDirty" />
  <action id="CopyPaths" />
  <action id="Debugger.CopyValue">
    <keyboard-shortcut first-keystroke="shift ctrl c" />
  </action>
  <action id="Editor Redo">
    <keyboard-shortcut first-keystroke="ctrl y" />
  </action>
  <action id="EditorDeleteLine" />
  <action id="EditorDuplicate" />
  <action id="EditorPasteFromX11" />
  <action id="EditorToggleColumnMode">
    <keyboard-shortcut first-keystroke="shift f5" />
  </action>
  <action id="FindUsages">
    <keyboard-shortcut first-keystroke="ctrl f7" />
  </action>
  <action id="FindUsagesInFile" />
  <action id="FindWordAtCaret" />
  <action id="ForceRunToCursor">
    <keyboard-shortcut first-keystroke="shift f10" />
  </action>
  <action id="ForceStepOver">
    <keyboard-shortcut first-keystroke="shift alt f8" />
    <keyboard-shortcut first-keystroke="shift f8" />
  </action>
  <action id="GotoAction" />
  <action id="GuiDesigner.CreateListener" />
  <action id="GuiDesigner.Duplicate" />
  <action id="IntroduceConstant">
    <keyboard-shortcut first-keystroke="ctrl alt k" />
  </action>
  <action id="MakeModule">
    <keyboard-shortcut first-keystroke="ctrl f3" />
  </action>
  <action id="MethodHierarchy.OverrideMethodAction" />
  <action id="OpenFile">
    <keyboard-shortcut first-keystroke="ctrl o" />
  </action>
  <action id="OverrideMethods" />
  <action id="Run" />
  <action id="RunToCursor">
    <keyboard-shortcut first-keystroke="f10" />
  </action>
  <action id="ShowExecutionPoint">
    <keyboard-shortcut first-keystroke="ctrl f10" />
  </action>
  <action id="SplitHorizontally">
    <keyboard-shortcut first-keystroke="ctrl alt 2" />
  </action>
  <action id="StepOut">
    <keyboard-shortcut first-keystroke="f11" />
  </action>
  <action id="SynchronizeCurrentFile">
    <keyboard-shortcut first-keystroke="shift ctrl y" />
  </action>
  <action id="ToggleBookmark" />
  <action id="Vcs.ShowTabbedFileHistory">
    <keyboard-shortcut first-keystroke="shift ctrl p" />
  </action>
  <action id="ViewBreakpoints">
    <keyboard-shortcut first-keystroke="ctrl f9" />
  </action>
  <action id="editRunConfigurations">
    <keyboard-shortcut first-keystroke="ctrl f11" />
  </action>
</keymap>