<keymap version="1" name="Marc's Mac Scheme" parent="Mac OS X 10.5+">
  <action id="Annotate">
    <keyboard-shortcut first-keystroke="shift meta a" />
  </action>
  <action id="Compare.SameVersion">
    <keyboard-shortcut first-keystroke="meta d" />
    <keyboard-shortcut first-keystroke="shift meta d" />
  </action>
  <action id="CompileProject">
    <keyboard-shortcut first-keystroke="ctrl f9" />
  </action>
  <action id="Console.Jdbc.Execute" />
  <action id="Console.Jpa.Execute" />
  <action id="Console.SplitLine" />
  <action id="Debugger.CopyValue">
    <keyboard-shortcut first-keystroke="shift meta c" />
  </action>
  <action id="Diff.ShowSettingsPopup" />
  <action id="DomCollectionControl.Add" />
  <action id="DomElementsTreeView.AddElement" />
  <action id="EditorDuplicate" />
  <action id="EditorSplitLine" />
  <action id="EditorStartNewLineBefore" />
  <action id="EditorToggleInsertState">
    <keyboard-shortcut first-keystroke="shift ctrl i" />
  </action>
  <action id="FileChooser.TogglePathShowing" />
  <action id="FindNext">
    <keyboard-shortcut first-keystroke="meta g" />
    <keyboard-shortcut first-keystroke="down" />
  </action>
  <action id="FindPrevious">
    <keyboard-shortcut first-keystroke="shift meta g" />
    <keyboard-shortcut first-keystroke="up" />
  </action>
  <action id="GotoAction" />
  <action id="Groovy.Shell.Execute" />
  <action id="GuiDesigner.Duplicate" />
  <action id="Jdbc.RunQueryInConsole" />
  <action id="Macro.qqqqq">
    <keyboard-shortcut first-keystroke="ctrl q" />
  </action>
  <action id="ParameterInfo">
    <keyboard-shortcut first-keystroke="meta alt enter" />
  </action>
  <action id="Resume">
    <keyboard-shortcut first-keystroke="meta alt r" />
    <keyboard-shortcut first-keystroke="f9" />
  </action>
  <action id="Scala.RunConsole" />
  <action id="Scala.ShowImplicits">
    <keyboard-shortcut first-keystroke="shift ctrl alt equals" />
    <keyboard-shortcut first-keystroke="shift ctrl alt add" />
  </action>
  <action id="ShowIntentionActions">
    <keyboard-shortcut first-keystroke="alt enter" />
    <keyboard-shortcut first-keystroke="meta enter" />
  </action>
  <action id="SwitchApply">
    <keyboard-shortcut first-keystroke="ctrl alt enter" />
  </action>
  <action id="SwitchDown">
    <keyboard-shortcut first-keystroke="ctrl alt down" />
  </action>
  <action id="SwitchLeft">
    <keyboard-shortcut first-keystroke="ctrl alt left" />
  </action>
  <action id="SwitchRight">
    <keyboard-shortcut first-keystroke="ctrl alt right" />
  </action>
  <action id="SwitchUp">
    <keyboard-shortcut first-keystroke="ctrl alt up" />
  </action>
  <action id="SynchronizeCurrentFile">
    <keyboard-shortcut first-keystroke="shift meta y" />
  </action>
  <action id="UsageView.Include" />
  <action id="Vcs.ShowTabbedFileHistory">
    <keyboard-shortcut first-keystroke="meta p" />
  </action>
  <action id="ViewSource" />
</keymap>