<application>
  <component name="libraryTable">
    <library name="Python 2.7 interpreter library">
      <CLASSES>
        <root url="file:///Library/Python/2.7/site-packages/requests-2.13.0-py2.7.egg" />
        <root url="file:///System/Library/Frameworks/Python.framework/Versions/2.7/lib/python2.7" />
        <root url="file:///System/Library/Frameworks/Python.framework/Versions/2.7/lib/python2.7/plat-darwin" />
        <root url="file:///System/Library/Frameworks/Python.framework/Versions/2.7/lib/python2.7/plat-mac" />
        <root url="file:///System/Library/Frameworks/Python.framework/Versions/2.7/lib/python2.7/plat-mac/lib-scriptpackages" />
        <root url="file:///System/Library/Frameworks/Python.framework/Versions/2.7/lib/python2.7/lib-tk" />
        <root url="file:///System/Library/Frameworks/Python.framework/Versions/2.7/lib/python2.7/lib-dynload" />
        <root url="file:///Library/Python/2.7/site-packages" />
        <root url="file:///System/Library/Frameworks/Python.framework/Versions/2.7/Extras/lib/python" />
        <root url="file:///System/Library/Frameworks/Python.framework/Versions/2.7/Extras/lib/python/PyObjC" />
        <root url="file://$USER_HOME$/Library/Caches/IdeaIC2019.1/python_stubs/-1247972723" />
        <root url="file://$APPLICATION_PLUGINS_DIR$/python-ce/helpers/python-skeletons" />
        <root url="file://$APPLICATION_PLUGINS_DIR$/python-ce/helpers/typeshed/stdlib/2" />
        <root url="file://$APPLICATION_PLUGINS_DIR$/python-ce/helpers/typeshed/stdlib/2and3" />
        <root url="file://$APPLICATION_PLUGINS_DIR$/python-ce/helpers/typeshed/third_party/2" />
        <root url="file://$APPLICATION_PLUGINS_DIR$/python-ce/helpers/typeshed/third_party/2and3" />
      </CLASSES>
      <JAVADOC />
      <SOURCES>
        <root url="file:///Library/Python/2.7/site-packages/requests-2.13.0-py2.7.egg" />
        <root url="file:///System/Library/Frameworks/Python.framework/Versions/2.7/lib/python2.7" />
        <root url="file:///System/Library/Frameworks/Python.framework/Versions/2.7/lib/python2.7/plat-darwin" />
        <root url="file:///System/Library/Frameworks/Python.framework/Versions/2.7/lib/python2.7/plat-mac" />
        <root url="file:///System/Library/Frameworks/Python.framework/Versions/2.7/lib/python2.7/plat-mac/lib-scriptpackages" />
        <root url="file:///System/Library/Frameworks/Python.framework/Versions/2.7/lib/python2.7/lib-tk" />
        <root url="file:///System/Library/Frameworks/Python.framework/Versions/2.7/lib/python2.7/lib-dynload" />
        <root url="file:///Library/Python/2.7/site-packages" />
        <root url="file:///System/Library/Frameworks/Python.framework/Versions/2.7/Extras/lib/python" />
        <root url="file:///System/Library/Frameworks/Python.framework/Versions/2.7/Extras/lib/python/PyObjC" />
        <root url="file://$USER_HOME$/Library/Caches/IdeaIC2019.1/python_stubs/-1247972723" />
        <root url="file://$APPLICATION_PLUGINS_DIR$/python-ce/helpers/python-skeletons" />
        <root url="file://$APPLICATION_PLUGINS_DIR$/python-ce/helpers/typeshed/stdlib/2" />
        <root url="file://$APPLICATION_PLUGINS_DIR$/python-ce/helpers/typeshed/stdlib/2and3" />
        <root url="file://$APPLICATION_PLUGINS_DIR$/python-ce/helpers/typeshed/third_party/2" />
        <root url="file://$APPLICATION_PLUGINS_DIR$/python-ce/helpers/typeshed/third_party/2and3" />
      </SOURCES>
    </library>
    <library name="scala-sdk-2.12.4" type="Scala">
      <properties>
        <compiler-classpath>
          <root url="file://$USER_HOME$/.ivy2/cache/org.scala-lang/scala-compiler/jars/scala-compiler-2.12.4.jar" />
          <root url="file://$USER_HOME$/.ivy2/cache/org.scala-lang/scala-library/jars/scala-library-2.12.4.jar" />
          <root url="file://$USER_HOME$/.ivy2/cache/org.scala-lang/scala-reflect/jars/scala-reflect-2.12.4.jar" />
        </compiler-classpath>
      </properties>
      <CLASSES>
        <root url="jar://$USER_HOME$/.ivy2/cache/org.scala-lang/scala-library/jars/scala-library-2.12.4.jar!/" />
        <root url="jar://$USER_HOME$/.ivy2/cache/org.scala-lang/scala-reflect/jars/scala-reflect-2.12.4.jar!/" />
        <root url="jar://$USER_HOME$/.ivy2/cache/org.scala-lang/scala-library/srcs/scala-library-2.12.4-sources.jar!/" />
        <root url="jar://$USER_HOME$/.ivy2/cache/org.scala-lang/scala-reflect/srcs/scala-reflect-2.12.4-sources.jar!/" />
      </CLASSES>
      <JAVADOC>
        <root url="jar://$USER_HOME$/.ivy2/cache/org.scala-lang/scala-library/docs/scala-library-2.12.4-javadoc.jar!/" />
        <root url="jar://$USER_HOME$/.ivy2/cache/org.scala-lang/scala-reflect/docs/scala-reflect-2.12.4-javadoc.jar!/" />
      </JAVADOC>
      <SOURCES />
    </library>
    <library name="scala-sdk-2.12.8" type="Scala">
      <properties>
        <compiler-classpath>
          <root url="file://$USER_HOME$/.ivy2/cache/org.scala-lang/scala-compiler/jars/scala-compiler-2.12.8.jar" />
          <root url="file://$USER_HOME$/.ivy2/cache/org.scala-lang/scala-library/jars/scala-library-2.12.8.jar" />
          <root url="file://$USER_HOME$/.ivy2/cache/org.scala-lang/scala-reflect/jars/scala-reflect-2.12.8.jar" />
        </compiler-classpath>
      </properties>
      <CLASSES>
        <root url="jar://$USER_HOME$/.ivy2/cache/org.scala-lang/scala-library/jars/scala-library-2.12.8.jar!/" />
        <root url="jar://$USER_HOME$/.ivy2/cache/org.scala-lang/scala-reflect/jars/scala-reflect-2.12.8.jar!/" />
        <root url="jar://$USER_HOME$/.ivy2/cache/org.scala-lang/scala-library/srcs/scala-library-2.12.8-sources.jar!/" />
        <root url="jar://$USER_HOME$/.ivy2/cache/org.scala-lang/scala-reflect/srcs/scala-reflect-2.12.8-sources.jar!/" />
      </CLASSES>
      <JAVADOC>
        <root url="jar://$USER_HOME$/.ivy2/cache/org.scala-lang/scala-library/docs/scala-library-2.12.8-javadoc.jar!/" />
        <root url="jar://$USER_HOME$/.ivy2/cache/org.scala-lang/scala-reflect/docs/scala-reflect-2.12.8-javadoc.jar!/" />
      </JAVADOC>
      <SOURCES />
    </library>
  </component>
</application>