<?xml version="1.0" encoding="UTF-8"?>
<application>
  <component name="ActionMacroManager">
    <macro name="qqqqq">
      <action id="EditorDelete" />
      <typing text-keycode="127:0"></typing>
      <action id="EditorDelete" />
      <typing text-keycode="127:0"></typing>
      <action id="EditorDelete" />
      <typing text-keycode="127:0"></typing>
      <action id="EditorDelete" />
      <typing text-keycode="127:0"></typing>
      <action id="EditorDelete" />
      <typing text-keycode="127:0"></typing>
      <action id="EditorEnter" />
      <shortuct text="ENTER" />
      <action id="EditorUnindentSelection" />
      <action id="EditorUnindentSelection" />
      <action id="EditorUnindentSelection" />
    </macro>
  </component>
</application>

