<application>
  <component name="ProjectManager">
    <defaultProject>
      <component name="CompilerConfiguration">
        <option name="DEFAULT_COMPILER" />
      </component>
      <component name="GradleLocalSettings">
        <option name="modificationStamps">
          <map>
            <entry key="$USER_HOME$/Downloads/storm-graphite-master" value="2879902812000" />
            <entry key="$USER_HOME$/repos/crunch/crunch/appnexus" value="2876369024000" />
            <entry key="$USER_HOME$/repos/crunch2/ccdb" value="9968968809000" />
            <entry key="$USER_HOME$/repos/crunch2/data-warehouse" value="9985634777000" />
            <entry key="$USER_HOME$/repos/crunch2/live-ramp" value="23036778414000" />
            <entry key="$USER_HOME$/repos/crunch2/metadata-loader" value="4320446421000" />
            <entry key="$USER_HOME$/repos/crunch2/pipeline-data-processing" value="57213881860000" />
            <entry key="$USER_HOME$/repos/crunch2/thetradedesk" value="15750246588000" />
            <entry key="$USER_HOME$/repos/thetradedesk" value="15670742887000" />
          </map>
        </option>
      </component>
      <component name="ProjectModuleManager">
        <modules />
      </component>
      <component name="ProjectRootManager" version="2" languageLevel="JDK_1_6" />
      <component name="PropertiesComponent">
        <property name="GoToClass.includeLibraries" value="false" />
        <property name="GoToClass.toSaveIncludeLibraries" value="false" />
        <property name="GoToFile.includeJavaFiles" value="false" />
        <property name="MemberChooser.sorted" value="false" />
        <property name="MemberChooser.showClasses" value="true" />
        <property name="MemberChooser.copyJavadoc" value="false" />
        <property name="settings.editor.selected.configurable" value="preferences.pluginManager" />
        <property name="nodejs_interpreter_path.stuck_in_default_project" value="undefined stuck path" />
      </component>
      <component name="RunManager">
        <configuration default="true" type="Applet">
          <option name="POLICY_FILE" value="$APPLICATION_HOME_DIR$/bin/appletviewer.policy" />
          <method v="2">
            <option name="Make" enabled="true" />
          </method>
        </configuration>
        <configuration default="true" type="Application" factoryName="Application">
          <option name="WORKING_DIRECTORY" value="$PROJECT_DIR$" />
          <method v="2">
            <option name="Make" enabled="true" />
          </method>
        </configuration>
        <configuration default="true" type="JUnit" factoryName="JUnit">
          <option name="TEST_OBJECT" value="class" />
          <option name="WORKING_DIRECTORY" value="$MODULE_DIR$" />
          <method v="2">
            <option name="Make" enabled="true" />
          </method>
        </configuration>
        <configuration default="true" type="TestNG">
          <option name="TEST_OBJECT" value="CLASS" />
          <option name="WORKING_DIRECTORY" value="$PROJECT_DIR$" />
          <properties />
          <listeners />
          <method v="2">
            <option name="Make" enabled="true" />
          </method>
        </configuration>
        <configuration default="true" type="#org.jetbrains.idea.devkit.run.PluginConfigurationType">
          <module name="" />
          <option name="VM_PARAMETERS" value="-Xmx512m -Xms256m -XX:MaxPermSize=250m -ea" />
          <option name="PROGRAM_PARAMETERS" />
          <predefined_log_file enabled="true" id="idea.log" />
          <method v="2">
            <option name="Make" enabled="true" />
          </method>
        </configuration>
      </component>
      <component name="masterDetails">
        <states>
          <state key="ProjectJDKs.UI">
            <settings>
              <last-edited>JDK 1.8.0_181</last-edited>
              <splitter-proportions>
                <option name="proportions">
                  <list>
                    <option value="0.2" />
                  </list>
                </option>
              </splitter-proportions>
            </settings>
          </state>
        </states>
      </component>
    </defaultProject>
  </component>
</application>